"ashish_goanhacker","January 6, 2016","https://hackerone.com/reports/106305"
"ashish_goanhacker","January 4, 2016","https://hackerone.com/reports/105887"
"h1-","December 28, 2015","https://hackerone.com/reports/106084"
"avlidienbrunn","December 28, 2015","https://hackerone.com/reports/103787"
"rastikrus","December 22, 2015","https://hackerone.com/reports/105953"
"harisec","December 19, 2015","https://hackerone.com/reports/97292"
"danlec","December 8, 2015","https://hackerone.com/reports/100509"
"harshafriend4all","December 2, 2015","https://hackerone.com/reports/99708"
"ragnar","December 2, 2015","https://hackerone.com/reports/97948"
"killr0x33d","December 2, 2015","https://hackerone.com/reports/97191"
"ashish_goanhacker","January 6, 2016","https://hackerone.com/reports/106305"
"ashish_goanhacker","January 4, 2016","https://hackerone.com/reports/105887"
"h1-","December 28, 2015","https://hackerone.com/reports/106084"
"avlidienbrunn","December 28, 2015","https://hackerone.com/reports/103787"
"rastikrus","December 22, 2015","https://hackerone.com/reports/105953"
"harisec","December 19, 2015","https://hackerone.com/reports/97292"
"danlec","December 8, 2015","https://hackerone.com/reports/100509"
"harshafriend4all","December 2, 2015","https://hackerone.com/reports/99708"
"ragnar","December 2, 2015","https://hackerone.com/reports/97948"
"killr0x33d","December 2, 2015","https://hackerone.com/reports/97191"
"ashish_goanhacker","January 6, 2016","https://hackerone.com/reports/106305"
"ashish_goanhacker","January 4, 2016","https://hackerone.com/reports/105887"
"h1-","December 28, 2015","https://hackerone.com/reports/106084"
"avlidienbrunn","December 28, 2015","https://hackerone.com/reports/103787"
"rastikrus","December 22, 2015","https://hackerone.com/reports/105953"
"harisec","December 19, 2015","https://hackerone.com/reports/97292"
"danlec","December 8, 2015","https://hackerone.com/reports/100509"
"harshafriend4all","December 2, 2015","https://hackerone.com/reports/99708"
"ragnar","December 2, 2015","https://hackerone.com/reports/97948"
"killr0x33d","December 2, 2015","https://hackerone.com/reports/97191"
"ashish_goanhacker","January 6, 2016","https://hackerone.com/reports/106305"
"ashish_goanhacker","January 4, 2016","https://hackerone.com/reports/105887"
"h1-","December 28, 2015","https://hackerone.com/reports/106084"
"avlidienbrunn","December 28, 2015","https://hackerone.com/reports/103787"
"rastikrus","December 22, 2015","https://hackerone.com/reports/105953"
"harisec","December 19, 2015","https://hackerone.com/reports/97292"
"danlec","December 8, 2015","https://hackerone.com/reports/100509"
"harshafriend4all","December 2, 2015","https://hackerone.com/reports/99708"
"ragnar","December 2, 2015","https://hackerone.com/reports/97948"
"killr0x33d","December 2, 2015","https://hackerone.com/reports/97191"
